Product name,Clean Eats,Made Active,Already Made,Total,_Report settings
Spaghetti Bolognese,163,1,20,144,"{""bulk_prepared"": {""Beef Burrito Bowl"": true, ""Beef Chow Mein"": true, ""Shepherd's Pie"": true, ""Spaghetti Bolognese"": true}, ""created_at"": ""2026-09-15T00:34:51.867026+10:00"", ""root"": ""daily_production_report_2026-09-15_00-34-51_6ae2e260af1f.pdf"", ""schema"": 1}"
Beef Chow Mein,94,5,10,89,"{""bulk_prepared"": {""Beef Burrito Bowl"": true, ""Beef Chow Mein"": true, ""Shepherd's Pie"": true, ""Spaghetti Bolognese"": true}, ""created_at"": ""2026-09-15T00:34:51.867026+10:00"", ""root"": ""daily_production_report_2026-09-15_00-34-51_6ae2e260af1f.pdf"", ""schema"": 1}"
Shepherd's Pie,132,0,0,132,"{""bulk_prepared"": {""Beef Burrito Bowl"": true, ""Beef Chow Mein"": true, ""Shepherd's Pie"": true, ""Spaghetti Bolognese"": true}, ""created_at"": ""2026-09-15T00:34:51.867026+10:00"", ""root"": ""daily_production_report_2026-09-15_00-34-51_6ae2e260af1f.pdf"", ""schema"": 1}"
Beef Burrito Bowl,159,3,0,162,"{""bulk_prepared"": {""Beef Burrito Bowl"": true, ""Beef Chow Mein"": true, ""Shepherd's Pie"": true, ""Spaghetti Bolognese"": true}, ""created_at"": ""2026-09-15T00:34:51.867026+10:00"", ""root"": ""daily_production_report_2026-09-15_00-34-51_6ae2e260af1f.pdf"", ""schema"": 1}"
Beef Meatballs,160,2,0,162,"{""bulk_prepared"": {""Beef Burrito Bowl"": true, ""Beef Chow Mein"": true, ""Shepherd's Pie"": true, ""Spaghetti Bolognese"": true}, ""created_at"": ""2026-09-15T00:34:51.867026+10:00"", ""root"": ""daily_production_report_2026-09-15_00-34-51_6ae2e260af1f.pdf"", ""schema"": 1}"
Lebanese Beef Stew,80,0,0,80,"{""bulk_prepared"": {""Beef Burrito Bowl"": true, ""Beef Chow Mein"": true, ""Shepherd's Pie"": true, ""Spaghetti Bolognese"": true}, ""created_at"": ""2026-09-15T00:34:51.867026+10:00"", ""root"": ""daily_production_report_2026-09-15_00-34-51_6ae2e260af1f.pdf"", ""schema"": 1}"
Mongolian Beef,217,3,0,220,"{""bulk_prepared"": {""Beef Burrito Bowl"": true, ""Beef Chow Mein"": true, ""Shepherd's Pie"": true, ""Spaghetti Bolognese"": true}, ""created_at"": ""2026-09-15T00:34:51.867026+10:00"", ""root"": ""daily_production_report_2026-09-15_00-34-51_6ae2e260af1f.pdf"", ""schema"": 1}"
Chicken with Sweet Potato and Beans,150,0,0,150,"{""bulk_prepared"": {""Beef Burrito Bowl"": true, ""Beef Chow Mein"": true, ""Shepherd's Pie"": true, ""Spaghetti Bolognese"": true}, ""created_at"": ""2026-09-15T00:34:51.867026+10:00"", ""root"": ""daily_production_report_2026-09-15_00-34-51_6ae2e260af1f.pdf"", ""schema"": 1}"
Naked Chicken Parma,286,3,0,289,"{""bulk_prepared"": {""Beef Burrito Bowl"": true, ""Beef Chow Mein"": true, ""Shepherd's Pie"": true, ""Spaghetti Bolognese"": true}, ""created_at"": ""2026-09-15T00:34:51.867026+10:00"", ""root"": ""daily_production_report_2026-09-15_00-34-51_6ae2e260af1f.pdf"", ""schema"": 1}"
Chicken Pesto Pasta,207,5,0,212,"{""bulk_prepared"": {""Beef Burrito Bowl"": true, ""Beef Chow Mein"": true, ""Shepherd's Pie"": true, ""Spaghetti Bolognese"": true}, ""created_at"": ""2026-09-15T00:34:51.867026+10:00"", ""root"": ""daily_production_report_2026-09-15_00-34-51_6ae2e260af1f.pdf"", ""schema"": 1}"
Chicken and Broccoli Pasta,107,0,0,107,"{""bulk_prepared"": {""Beef Burrito Bowl"": true, ""Beef Chow Mein"": true, ""Shepherd's Pie"": true, ""Spaghetti Bolognese"": true}, ""created_at"": ""2026-09-15T00:34:51.867026+10:00"", ""root"": ""daily_production_report_2026-09-15_00-34-51_6ae2e260af1f.pdf"", ""schema"": 1}"
Butter Chicken,177,5,35,147,"{""bulk_prepared"": {""Beef Burrito Bowl"": true, ""Beef Chow Mein"": true, ""Shepherd's Pie"": true, ""Spaghetti Bolognese"": true}, ""created_at"": ""2026-09-15T00:34:51.867026+10:00"", ""root"": ""daily_production_report_2026-09-15_00-34-51_6ae2e260af1f.pdf"", ""schema"": 1}"
Thai Green Chicken Curry,142,3,0,145,"{""bulk_prepared"": {""Beef Burrito Bowl"": true, ""Beef Chow Mein"": true, ""Shepherd's Pie"": true, ""Spaghetti Bolognese"": true}, ""created_at"": ""2026-09-15T00:34:51.867026+10:00"", ""root"": ""daily_production_report_2026-09-15_00-34-51_6ae2e260af1f.pdf"", ""schema"": 1}"
Moroccan Chicken,76,0,30,46,"{""bulk_prepared"": {""Beef Burrito Bowl"": true, ""Beef Chow Mein"": true, ""Shepherd's Pie"": true, ""Spaghetti Bolognese"": true}, ""created_at"": ""2026-09-15T00:34:51.867026+10:00"", ""root"": ""daily_production_report_2026-09-15_00-34-51_6ae2e260af1f.pdf"", ""schema"": 1}"
Steak with Mushroom Sauce,225,1,0,226,"{""bulk_prepared"": {""Beef Burrito Bowl"": true, ""Beef Chow Mein"": true, ""Shepherd's Pie"": true, ""Spaghetti Bolognese"": true}, ""created_at"": ""2026-09-15T00:34:51.867026+10:00"", ""root"": ""daily_production_report_2026-09-15_00-34-51_6ae2e260af1f.pdf"", ""schema"": 1}"
Creamy Chicken & Mushroom Gnocchi,147,0,0,147,"{""bulk_prepared"": {""Beef Burrito Bowl"": true, ""Beef Chow Mein"": true, ""Shepherd's Pie"": true, ""Spaghetti Bolognese"": true}, ""created_at"": ""2026-09-15T00:34:51.867026+10:00"", ""root"": ""daily_production_report_2026-09-15_00-34-51_6ae2e260af1f.pdf"", ""schema"": 1}"
Roasted Lemon Chicken & Potatoes,123,0,0,123,"{""bulk_prepared"": {""Beef Burrito Bowl"": true, ""Beef Chow Mein"": true, ""Shepherd's Pie"": true, ""Spaghetti Bolognese"": true}, ""created_at"": ""2026-09-15T00:34:51.867026+10:00"", ""root"": ""daily_production_report_2026-09-15_00-34-51_6ae2e260af1f.pdf"", ""schema"": 1}"
Beef Lasagna,244,4,0,248,"{""bulk_prepared"": {""Beef Burrito Bowl"": true, ""Beef Chow Mein"": true, ""Shepherd's Pie"": true, ""Spaghetti Bolognese"": true}, ""created_at"": ""2026-09-15T00:34:51.867026+10:00"", ""root"": ""daily_production_report_2026-09-15_00-34-51_6ae2e260af1f.pdf"", ""schema"": 1}"
Lamb Souvlaki,194,2,0,196,"{""bulk_prepared"": {""Beef Burrito Bowl"": true, ""Beef Chow Mein"": true, ""Shepherd's Pie"": true, ""Spaghetti Bolognese"": true}, ""created_at"": ""2026-09-15T00:34:51.867026+10:00"", ""root"": ""daily_production_report_2026-09-15_00-34-51_6ae2e260af1f.pdf"", ""schema"": 1}"
Baked Family Lasagna,14,0,0,14,"{""bulk_prepared"": {""Beef Burrito Bowl"": true, ""Beef Chow Mein"": true, ""Shepherd's Pie"": true, ""Spaghetti Bolognese"": true}, ""created_at"": ""2026-09-15T00:34:51.867026+10:00"", ""root"": ""daily_production_report_2026-09-15_00-34-51_6ae2e260af1f.pdf"", ""schema"": 1}"
Sunday Roast Lamb,240,0,0,240,"{""bulk_prepared"": {""Beef Burrito Bowl"": true, ""Beef Chow Mein"": true, ""Shepherd's Pie"": true, ""Spaghetti Bolognese"": true}, ""created_at"": ""2026-09-15T00:34:51.867026+10:00"", ""root"": ""daily_production_report_2026-09-15_00-34-51_6ae2e260af1f.pdf"", ""schema"": 1}"
Smashed Burger,290,0,0,290,"{""bulk_prepared"": {""Beef Burrito Bowl"": true, ""Beef Chow Mein"": true, ""Shepherd's Pie"": true, ""Spaghetti Bolognese"": true}, ""created_at"": ""2026-09-15T00:34:51.867026+10:00"", ""root"": ""daily_production_report_2026-09-15_00-34-51_6ae2e260af1f.pdf"", ""schema"": 1}"
Creamy Fettuccine,218,0,50,168,"{""bulk_prepared"": {""Beef Burrito Bowl"": true, ""Beef Chow Mein"": true, ""Shepherd's Pie"": true, ""Spaghetti Bolognese"": true}, ""created_at"": ""2026-09-15T00:34:51.867026+10:00"", ""root"": ""daily_production_report_2026-09-15_00-34-51_6ae2e260af1f.pdf"", ""schema"": 1}"
